{"noiseKey":{"private":{"type":"Buffer","data":"0KxrV3n+nAHsnkeFVQrsn9IxRUU91Ry2pzCJVxzxtX8="},"public":{"type":"Buffer","data":"aJD/meoeRYcFyTRTINpLsxcqjkAj9vqD5DOtzztTPUw="}},"pairingEphemeralKeyPair":{"private":{"type":"Buffer","data":"SGWhhetvu7UlxS9QLZkFXTLDd+Z89c9k7WmrbF0aFEI="},"public":{"type":"Buffer","data":"8KbRzdfKpvWvct242gwCQZotwRHdh5CW+AIHJ22uMwQ="}},"signedIdentityKey":{"private":{"type":"Buffer","data":"CPmZDknLsa+psHq+bqnNPaDvNbTagn7b0bo+X2xRjHw="},"public":{"type":"Buffer","data":"hK+/0z/x2ts0xXq0OWELBfWI5HxqC2tEcMy/kB7G0SM="}},"signedPreKey":{"keyPair":{"private":{"type":"Buffer","data":"OEFJcHe4y2CQ17YJjvxjdCrYgBHbqb5DsccScJgJl1k="},"public":{"type":"Buffer","data":"sv/TTbxN6ooRirXmHTKtekQH2LeaSly7/V8u14HSDQU="}},"signature":{"type":"Buffer","data":"eryCU6kzMEmZOxFr2eP34Ft6vK0pf8pLJr9rYcg+Nr8zOzNw8l1q7PUibP5jF3tBmI6wYcaPo8HFjcJd5g8SBQ=="},"keyId":1},"registrationId":147,"advSecretKey":"V8gSZYWkGuVfQaMXPq8XNDK91Vck5wkuZLqhBjD8lFU=","processedHistoryMessages":[],"nextPreKeyId":1,"firstUnuploadedPreKeyId":1,"accountSyncCounter":0,"accountSettings":{"unarchiveChats":false},"registered":false,"pairingCode":"ZJLEVYBK","me":{"id":"@s.whatsapp.net","name":"~"}}