{"noiseKey":{"private":{"type":"Buffer","data":"GAPq9ZG6yaUvuUpPgOYixQJeIuUN4PlUh29MyqnQoXM="},"public":{"type":"Buffer","data":"XMMM9QEqrtr9FAWoNo4PeBR0l3rZCJ3b8r1hx09Zhiw="}},"pairingEphemeralKeyPair":{"private":{"type":"Buffer","data":"cCZ9UBtda5N3f6syDY/b0a909PQj0hHqXxuXpU+ph38="},"public":{"type":"Buffer","data":"Tg2y1cXrLpqJU4440jtWpcMsSyq16+xbeBlk2LtdJ3c="}},"signedIdentityKey":{"private":{"type":"Buffer","data":"kPWIFgs4LOjNIU0LmlScfosCb2hfDMuDeyTKP4NnQ38="},"public":{"type":"Buffer","data":"pKiUPQGMspxi//mRXxLuCeqm+2Pa5E3vegtkcpy9vGg="}},"signedPreKey":{"keyPair":{"private":{"type":"Buffer","data":"qC4C/H5aC6uECHoTn0hEmDJnNxm7EteOmfvQvsakSk8="},"public":{"type":"Buffer","data":"ySFoDKR084wpfPYFAsqAgZQGdKUBe4NbmNcznZZWKXQ="}},"signature":{"type":"Buffer","data":"XfCSEYjZOvosv7EhlyB8IisYa/paoeM2s8XW/QpxC8HRrLloWpr7FgD2S+H8xonkj9ZHU88E9K31Hvdho+ztDA=="},"keyId":1},"registrationId":33,"advSecretKey":"bca0Mnweh4ztt9nkWuOhcbCXbQMILerdl6+yQ3Y1LFc=","processedHistoryMessages":[],"nextPreKeyId":1,"firstUnuploadedPreKeyId":1,"accountSyncCounter":0,"accountSettings":{"unarchiveChats":false},"registered":false,"pairingCode":"7KDZRJZY","me":{"id":"6281354043077@s.whatsapp.net","name":"~"}}